{
  "display": {
    "icon": {
      "item": "minecraft:bone"
    },
    "title": {
      "translate": "rrc.generic.identifier.bld_moon.title",
      "fallback": "Blood Moon",
      "color": "#FF3636",
      "bold": true
    },
    "description": {
      "translate": "rrc.generic.identifier.bld_moon.description",
      "fallback": "By RainyRealmCreations; Every so often a Blood Moon will bring out The Horde..."
    },
    "frame": "task",
    "show_toast": false,
    "announce_to_chat": false,
    "hidden": false
  },
  "parent": "rrc:root",
  "criteria": {
    "instaget": {
      "trigger": "minecraft:enter_block",
      "conditions": {
        "block": "minecraft:air"
      }
    }
  }
}
