{
  "display": {
    "icon": {
      "item": "minecraft:dragon_breath"
    },
    "title": {
      "translate": "rrc.generic.identifier.root.title",
      "fallback": "RRC Datapacks",
      "bold": true,
      "italic": true,
      "underlined": false,
      "strikethrough": false,
      "obfuscated": false
    },
    "description": {
      "translate": "rrc.generic.identifier.root.description",
      "fallback": "Datapacks made by Rainzy Realm Create.",
      "bold": false,
      "italic": true,
      "underlined": false,
      "strikethrough": false,
      "obfuscated": false
    },
    "background": "minecraft:textures/gui/advancements/backgrounds/stone.png",
    "frame": "task",
    "show_toast": false,
    "announce_to_chat": false,
    "hidden": false
  },
  "criteria": {
    "rootcause": {
      "trigger": "minecraft:enter_block",
      "conditions": {
        "block": "minecraft:air"
      }
    }
  }
}